Image Filename,Latitude,Longitude
path3_waypoint_51.png,26.509627529676,80.22637532514275
path2_waypoint_50.png,26.509666127991864,80.22633172467545
path1_waypoint_169.png,26.50507292840348,80.22636994202706
path1_waypoint_75.png,26.508701170095144,80.22630585137969
path2_waypoint_123.png,26.506848450933443,80.22638149614686
path0_waypoint_85.png,26.508315186936457,80.22626975135766
path0_waypoint_120.png,26.50696424588105,80.2262936154013
path4_waypoint_182.png,26.50457115029719,80.22650755595929
path3_waypoint_112.png,26.507273032408,80.22641691412277
path0_waypoint_169.png,26.50507292840348,80.22632702506228
path4_waypoint_106.png,26.50750462230321,80.2264557412766
path2_waypoint_37.png,26.51016790609816,80.22632286126273
path0_waypoint_119.png,26.50700284419692,80.22629293357147
path3_waypoint_23.png,26.51070828252032,80.22635623511918
path3_waypoint_140.png,26.506192279563678,80.22643600414641
path3_waypoint_126.png,26.50673265598584,80.22642645913459
path2_waypoint_118.png,26.507041442512783,80.22637808714197
path4_waypoint_56.png,26.50943453809665,80.22642165266976
path3_waypoint_108.png,26.50742742567148,80.22641418697653
path0_waypoint_121.png,26.506925647565183,80.2262942972311
path3_waypoint_174.png,26.50487993682414,80.22645918488944
path2_waypoint_61.png,26.509241546517305,80.22633922448621
path3_waypoint_146.png,26.505960689668463,80.22644009486577
path1_waypoint_164.png,26.505265919982826,80.22636653295008
path4_waypoint_127.png,26.506694057669968,80.22647005849151
path4_waypoint_47.png,26.509781922939467,80.22641551672055
path4_waypoint_144.png,26.5060378863002,80.22648164861789
path1_waypoint_49.png,26.50970472630773,80.2262881241793
path0_waypoint_186.png,26.504416757033717,80.2263386161691
path0_waypoint_105.png,26.50754322061908,80.22628338795404
path2_waypoint_116.png,26.50711863914453,80.22637672354
path2_waypoint_87.png,26.50823799030472,80.22635695131164
path3_waypoint_175.png,26.50484133850827,80.226459866676
path1_waypoint_112.png,26.507273032408,80.22633107854942
path3_waypoint_121.png,26.506925647565183,80.22642305020177
path2_waypoint_169.png,26.50507292840348,80.22641285899185
path1_waypoint_159.png,26.50545891156217,80.2263631238731
path0_waypoint_27.png,26.510553889256844,80.22623020522805
path2_waypoint_191.png,26.50422376545437,80.22642785861336
path3_waypoint_37.png,26.51016790609816,80.22636578013096
path2_waypoint_172.png,26.504957133455875,80.22641490439477
path2_waypoint_186.png,26.504416757033717,80.22642444960847
path1_waypoint_118.png,26.507041442512783,80.22633516944181
path0_waypoint_172.png,26.504957133455875,80.2263290705517
path1_waypoint_171.png,26.504995731771743,80.22637130565785
path0_waypoint_144.png,26.5060378863002,80.22630997931688
path4_waypoint_145.png,26.50599928798433,80.22648233039003
path3_waypoint_179.png,26.5046869452448,80.22646259382223
path4_waypoint_55.png,26.50947313641252,80.22642097089762
path3_waypoint_3.png,26.51148024883769,80.22634259938808
path0_waypoint_48.png,26.5097433246236,80.22624452365432
path2_waypoint_0.png,26.5115960437853,80.22629763462655
path2_waypoint_117.png,26.507080040828654,80.22637740534098
path2_waypoint_18.png,26.510901274099663,80.22630990704415
path4_waypoint_131.png,26.506539664406496,80.22647278558009
path3_waypoint_167.png,26.505150125035215,80.2264544123835
path2_waypoint_163.png,26.505304518298693,80.22640876818598
path2_waypoint_155.png,26.505613304825644,80.22640331377815
path3_waypoint_32.png,26.5103608976775,80.22636237119818
path4_waypoint_188.png,26.504339560401977,80.22651164659213
path4_waypoint_27.png,26.510553889256844,80.22640188127785
path0_waypoint_3.png,26.51148024883769,80.2262138413123
path2_waypoint_32.png,26.5103608976775,80.22631945225784
path0_waypoint_73.png,26.508778366726883,80.22626156939982
path1_waypoint_113.png,26.507234434092133,80.22633176036483
path0_waypoint_104.png,26.507581818934952,80.22628270612421
path2_waypoint_127.png,26.506694057669968,80.22638422335076
path3_waypoint_148.png,26.505883493036727,80.22644145843888
path3_waypoint_73.png,26.508778366726883,80.226390324447
path1_waypoint_190.png,26.50426236377024,80.22638426015037
path3_waypoint_90.png,26.508122195357117,80.2264019148185
path1_waypoint_0.png,26.5115960437853,80.22625471522468
path3_waypoint_100.png,26.507736212198424,80.22640873268406
path2_waypoint_107.png,26.507466023987345,80.2263705873312
path1_waypoint_64.png,26.5091257515697,80.22629835141029
path4_waypoint_61.png,26.509241546517305,80.22642506153043
path4_waypoint_86.png,26.50827658862059,80.22644210583384
path1_waypoint_58.png,26.509357341464916,80.2262942605179
path3_waypoint_26.png,26.510592487572712,80.22635828047885
path0_waypoint_49.png,26.50970472630773,80.22624520548413
path2_waypoint_58.png,26.509357341464916,80.22633717908327
path0_waypoint_42.png,26.50997491451881,80.2262404326754
path3_waypoint_120.png,26.50696424588105,80.22642236841523
path4_waypoint_20.png,26.510824077467923,80.22639710887292
path4_waypoint_105.png,26.50754322061908,80.22645505950446
path0_waypoint_43.png,26.509936316202943,80.2262411145052
path1_waypoint_3.png,26.51148024883769,80.22625676067089
path3_waypoint_78.png,26.508585375147536,80.2263937333798
path3_waypoint_31.png,26.51039949599337,80.22636168941163
path4_waypoint_77.png,26.508623973463408,80.22643596988462
path2_waypoint_157.png,26.50553610819391,80.2264046773801
path1_waypoint_12.png,26.511132863994877,80.22626289700949
path0_waypoint_81.png,26.50846958019993,80.22626702403838
path1_waypoint_115.png,26.507157237460397,80.22633312399562
path3_waypoint_141.png,26.50615368124781,80.22643668593297
path2_waypoint_135.png,26.50638527114302,80.22638967775859
path2_waypoint_189.png,26.504300962086106,80.22642649501141
path0_waypoint_99.png,26.50777481051429,80.22627929697512
path3_waypoint_93.png,26.508006400409503,80.22640396017815
path3_waypoint_91.png,26.50808359704125,80.22640259660504
path1_waypoint_172.png,26.504957133455875,80.22637198747324
path0_waypoint_76.png,26.50866257177928,80.22626361488929
path4_waypoint_89.png,26.50816079367298,80.22644415115026
path3_waypoint_124.png,26.50680985261757,80.22642509556145
path4_waypoint_156.png,26.505574706509776,80.22648982988359
path0_waypoint_90.png,26.508122195357117,80.22627316050676
path1_waypoint_187.png,26.504378158717845,80.22638221470419
path4_waypoint_150.png,26.505806296404987,80.22648573925073
path0_waypoint_36.png,26.510206504414025,80.22623634169646
path4_waypoint_65.png,26.50908715325383,80.22642778861898
path0_waypoint_87.png,26.50823799030472,80.2262711150173
path3_waypoint_106.png,26.50750462230321,80.22641282340341
path1_waypoint_130.png,26.506578262722364,80.22634335122659
path4_waypoint_10.png,26.511210060626613,80.22639029115159
path3_waypoint_170.png,26.50503433008761,80.2264564577432
path1_waypoint_131.png,26.506539664406496,80.22634403304198
path0_waypoint_65.png,26.50908715325383,80.22625611476126
path2_waypoint_47.png,26.509781922939467,80.22632967927252
path2_waypoint_78.png,26.508585375147536,80.22635081510283
path3_waypoint_149.png,26.505844894720852,80.22644214022543
path0_waypoint_59.png,26.509318743149045,80.22625202378235
path1_waypoint_95.png,26.50792920377777,80.22631948768766
path2_waypoint_62.png,26.50920294820144,80.2263399062872
path4_waypoint_3.png,26.51148024883769,80.22638551874667
path4_waypoint_161.png,26.505381714930436,80.2264932387443
path4_waypoint_154.png,26.505651903141512,80.2264884663393
path1_waypoint_17.png,26.51093987241553,80.2262663060865
path2_waypoint_165.png,26.50522732166696,80.22641013178793
path4_waypoint_177.png,26.50476414187653,80.22650414709855
path0_waypoint_168.png,26.50511152671935,80.22632634323246
path1_waypoint_166.png,26.50518872335109,80.22636789658087
path2_waypoint_95.png,26.50792920377777,80.22636240571947
path1_waypoint_175.png,26.50484133850827,80.22637403291942
path3_waypoint_132.png,26.506501066090625,80.22643054985393
path0_waypoint_164.png,26.505265919982826,80.2263236159132
path1_waypoint_154.png,26.505651903141512,80.22635971479612
path2_waypoint_91.png,26.50808359704125,80.22635967851555
path2_waypoint_67.png,26.50900995662209,80.22634331529208
path2_waypoint_13.png,26.51109426567901,80.22630649803926
path1_waypoint_84.png,26.508353785252325,80.22631198771828
path2_waypoint_21.png,26.51078547915205,80.22631195244709
path2_waypoint_80.png,26.5085081785158,80.2263521787048
path1_waypoint_129.png,26.506616861038232,80.22634266941118
path3_waypoint_165.png,26.50522732166696,80.2264530488104
path3_waypoint_122.png,26.506887049249315,80.22642373198835
path2_waypoint_19.png,26.510862675783795,80.22631058884514
path0_waypoint_15.png,26.51101706904727,80.22622202327018
path0_waypoint_141.png,26.50615368124781,80.22630793382744
path1_waypoint_138.png,26.506269476195413,80.22634880574977
path4_waypoint_173.png,26.504918535140007,80.22650142001
path3_waypoint_116.png,26.50711863914453,80.22641964126899
path2_waypoint_79.png,26.50854677683167,80.22635149690382
path4_waypoint_102.png,26.507659015566688,80.22645301418805
path3_waypoint_87.png,26.50823799030472,80.22639986945882
path1_waypoint_51.png,26.509627529676,80.2262894878101
path0_waypoint_16.png,26.5109784707314,80.22622270510001
path0_waypoint_55.png,26.50947313641252,80.22624929646305
path2_waypoint_9.png,26.51124865894248,80.22630377083534
path4_waypoint_168.png,26.50511152671935,80.22649801114927
path1_waypoint_53.png,26.509550333044256,80.22629085144091
path2_waypoint_170.png,26.50503433008761,80.22641354079282
path2_waypoint_105.png,26.50754322061908,80.22636922372925
path2_waypoint_1.png,26.511557445469432,80.22629831642753
path0_waypoint_17.png,26.51093987241553,80.22622338692982
path1_waypoint_78.png,26.508585375147536,80.22630789682587
path0_waypoint_47.png,26.509781922939467,80.2262438418245
path1_waypoint_33.png,26.510322299361636,80.22627721513291
path2_waypoint_182.png,26.50457115029719,80.22642172240457
path3_waypoint_98.png,26.507813408830163,80.22640736911096
path3_waypoint_33.png,26.510322299361636,80.22636305298474
path3_waypoint_147.png,26.505922091352595,80.22644077665231
path4_waypoint_100.png,26.507736212198424,80.22645165064377
path3_waypoint_74.png,26.50873976841101,80.22639100623357
path2_waypoint_66.png,26.50904855493796,80.2263426334911
path3_waypoint_58.png,26.509357341464916,80.22638009764864
path4_waypoint_133.png,26.50646246777476,80.22647414912436
path0_waypoint_127.png,26.506694057669968,80.22629838821001
path0_waypoint_187.png,26.504378158717845,80.22633929799892
path2_waypoint_185.png,26.50445535534958,80.22642376780749
path4_waypoint_4.png,26.511441650521824,80.22638620051879
path0_waypoint_165.png,26.50522732166696,80.226324297743
path0_waypoint_171.png,26.504995731771743,80.2263283887219
path0_waypoint_20.png,26.510824077467923,80.2262254324193
path0_waypoint_163.png,26.505304518298693,80.22632293408338
path1_waypoint_62.png,26.50920294820144,80.2262969877795
path3_waypoint_89.png,26.50816079367298,80.22640123303192
path3_waypoint_145.png,26.50599928798433,80.2264394130792
path4_waypoint_17.png,26.51093987241553,80.22639506355652
path3_waypoint_15.png,26.51101706904727,80.22635078082673
path3_waypoint_27.png,26.510553889256844,80.2263589622654
path1_waypoint_5.png,26.51140305220596,80.2262581243017
path2_waypoint_72.png,26.50881696504275,80.22634672429697
path3_waypoint_39.png,26.510090709466414,80.22636714370408
path1_waypoint_150.png,26.505806296404987,80.22635698753452
path2_waypoint_2.png,26.511518847153564,80.2262989982285
path3_waypoint_185.png,26.50445535534958,80.22646668454159
path0_waypoint_6.png,26.51136445389009,80.22621588680177
path2_waypoint_54.png,26.509511734728388,80.22633445187937
path2_waypoint_122.png,26.506887049249315,80.22638081434587
path4_waypoint_66.png,26.50904855493796,80.22642847039111
path1_waypoint_173.png,26.504918535140007,80.22637266928864
path1_waypoint_22.png,26.510746880836187,80.2262697151635
path3_waypoint_115.png,26.507157237460397,80.22641895948244
path1_waypoint_9.png,26.51124865894248,80.22626085156328
path3_waypoint_38.png,26.51012930778229,80.22636646191752
path0_waypoint_167.png,26.505150125035215,80.22632566140263
path4_waypoint_104.png,26.507581818934952,80.22645437773232
path3_waypoint_105.png,26.50754322061908,80.22641214161686
path4_waypoint_128.png,26.5066554593541,80.22647074026365
path3_waypoint_156.png,26.505574706509776,80.22644691273136
path0_waypoint_86.png,26.50827658862059,80.22627043318748
path0_waypoint_21.png,26.51078547915205,80.22622611424913
path0_waypoint_4.png,26.511441650521824,80.22621452314212
path4_waypoint_49.png,26.50970472630773,80.22641688026482
path2_waypoint_8.png,26.51128725725835,80.22630308903437
path4_waypoint_31.png,26.51039949599337,80.2264046083664
path2_waypoint_35.png,26.510245102729893,80.22632149766078
path0_waypoint_26.png,26.510592487572712,80.22622952339823
path1_waypoint_178.png,26.504725543560664,80.22637607836562
path3_waypoint_95.png,26.50792920377777,80.22640532375128
path2_waypoint_145.png,26.50599928798433,80.22639649576837
path3_waypoint_157.png,26.50553610819391,80.22644759451791
path4_waypoint_63.png,26.50916434988557,80.2264264250747
path1_waypoint_52.png,26.509588931360124,80.22629016962551
path2_waypoint_136.png,26.50634667282715,80.22639035955957
path1_waypoint_158.png,26.50549750987804,80.22636244205769
path4_waypoint_175.png,26.50484133850827,80.22650278355427
path1_waypoint_57.png,26.50939593978078,80.22629357870251
path4_waypoint_116.png,26.50711863914453,80.22646255899798
path1_waypoint_7.png,26.511325855574217,80.2262594879325
path1_waypoint_27.png,26.510553889256844,80.2262731242405
path4_waypoint_81.png,26.50846958019993,80.22643869697316
path4_waypoint_189.png,26.504300962086106,80.22651232836428
path4_waypoint_186.png,26.504416757033717,80.22651028304784
path2_waypoint_161.png,26.505381714930436,80.22640740458402
path3_waypoint_83.png,26.508392383568196,80.22639714231258
path2_waypoint_151.png,26.50576769808912,80.22640058657424
path2_waypoint_180.png,26.504648346928924,80.2264203588026
path1_waypoint_132.png,26.506501066090625,80.22634471485738
path4_waypoint_152.png,26.50572909977325,80.22648710279502
path3_waypoint_50.png,26.509666127991864,80.2263746433562
path4_waypoint_160.png,26.5054203132463,80.22649255697215
path1_waypoint_180.png,26.504648346928924,80.2263774419964
path4_waypoint_14.png,26.511055667363134,80.22639301824013
path2_waypoint_98.png,26.507813408830163,80.22636445112241
path4_waypoint_18.png,26.510901274099663,80.22639574532866
path0_waypoint_13.png,26.51109426567901,80.22622065961053
path2_waypoint_124.png,26.50680985261757,80.22638217794783
path0_waypoint_157.png,26.50553610819391,80.22631884310448
path3_waypoint_19.png,26.510862675783795,80.22635350797297
path0_waypoint_135.png,26.50638527114302,80.22630384284855
path3_waypoint_46.png,26.50982052125534,80.22637191620997
path2_waypoint_70.png,26.508894161674487,80.22634536069502
path0_waypoint_7.png,26.511325855574217,80.22621656863159
path2_waypoint_129.png,26.506616861038232,80.22638558695272
path1_waypoint_140.png,26.506192279563678,80.22635016938055
path3_waypoint_94.png,26.50796780209364,80.22640464196472
path3_waypoint_101.png,26.50769761388256,80.22640941447061
path1_waypoint_123.png,26.506848450933443,80.2263385785188
path0_waypoint_92.png,26.50804499872537,80.2262745241664
path2_waypoint_89.png,26.50816079367298,80.2263583149136
path4_waypoint_15.png,26.51101706904727,80.22639370001225
path4_waypoint_111.png,26.50731163072387,80.22645915013729
path1_waypoint_59.png,26.509318743149045,80.2262949423333
path4_waypoint_155.png,26.505613304825644,80.22648914811144
path4_waypoint_22.png,26.510746880836187,80.22639847241719
path3_waypoint_81.png,26.50846958019993,80.22639577873946
path3_waypoint_0.png,26.5115960437853,80.22634055402841
path3_waypoint_70.png,26.508894161674487,80.22638827908735
path3_waypoint_48.png,26.5097433246236,80.22637327978309
path0_waypoint_102.png,26.507659015566688,80.22628134246457
path3_waypoint_45.png,26.509859119571207,80.22637123442341
path1_waypoint_45.png,26.509859119571207,80.2262853969177
path1_waypoint_189.png,26.504300962086106,80.22638357833497
path2_waypoint_74.png,26.50873976841101,80.22634808789893
path0_waypoint_151.png,26.50576769808912,80.2263147521256
path2_waypoint_31.png,26.51039949599337,80.22631877045687
path1_waypoint_134.png,26.50642386945889,80.22634607848816
path2_waypoint_60.png,26.509280144833173,80.22633854268523
path1_waypoint_42.png,26.50997491451881,80.22628335147151
path1_waypoint_96.png,26.5078906054619,80.22632016950305
path4_waypoint_9.png,26.51124865894248,80.22638960937945
path0_waypoint_50.png,26.509666127991864,80.22624588731395
path2_waypoint_36.png,26.510206504414025,80.22632217946176
path1_waypoint_109.png,26.507388827355605,80.22632903310323
path1_waypoint_77.png,26.508623973463408,80.2263072150105
path3_waypoint_30.png,26.51043809430924,80.22636100762507
path2_waypoint_188.png,26.504339560401977,80.22642581321043
path2_waypoint_166.png,26.50518872335109,80.22641081358891
path4_waypoint_118.png,26.507041442512783,80.22646392254227
path2_waypoint_142.png,26.506115082931935,80.22639445036543
path1_waypoint_102.png,26.507659015566688,80.22632426039544
path3_waypoint_34.png,26.51028370104576,80.2263637347713
path3_waypoint_14.png,26.511055667363134,80.22635009904019
path2_waypoint_149.png,26.505844894720852,80.22639922297228
path0_waypoint_57.png,26.50939593978078,80.22625066012272
path0_waypoint_161.png,26.505381714930436,80.22632157042375
path1_waypoint_142.png,26.506115082931935,80.22635153301134
path3_waypoint_6.png,26.51136445389009,80.22634464474774
path4_waypoint_179.png,26.5046869452448,80.22650551064285
path4_waypoint_76.png,26.50866257177928,80.22643528811247
path0_waypoint_40.png,26.51005211115055,80.22623906901573
path0_waypoint_77.png,26.508623973463408,80.22626429671911
path4_waypoint_1.png,26.511557445469432,80.22638415520241
path3_waypoint_43.png,26.509936316202943,80.2263698708503
path4_waypoint_78.png,26.508585375147536,80.22643665165674
path3_waypoint_160.png,26.5054203132463,80.22644963987759
path2_waypoint_144.png,26.5060378863002,80.22639581396739
path4_waypoint_165.png,26.50522732166696,80.22649596583285
path3_waypoint_127.png,26.506694057669968,80.22642714092113
path1_waypoint_66.png,26.50904855493796,80.2262997150411
path2_waypoint_103.png,26.50762041725082,80.2263678601273
path3_waypoint_113.png,26.507234434092133,80.22641759590933
path1_waypoint_54.png,26.509511734728388,80.2262915332563
path3_waypoint_188.png,26.504339560401977,80.22646872990127
path4_waypoint_90.png,26.508122195357117,80.2264448329224
path0_waypoint_63.png,26.50916434988557,80.22625475110162
path3_waypoint_29.png,26.510476692625105,80.22636032583853
path2_waypoint_41.png,26.51001351283468,80.22632558846665
path1_waypoint_103.png,26.50762041725082,80.22632494221085
path3_waypoint_4.png,26.511441650521824,80.22634328117462
path2_waypoint_6.png,26.51136445389009,80.22630172543242
path2_waypoint_24.png,26.51066968420445,80.22631399785003
path0_waypoint_148.png,26.505883493036727,80.22631270663615
path1_waypoint_18.png,26.510901274099663,80.22626698790191
path4_waypoint_183.png,26.50453255198132,80.22650823773141
path4_waypoint_151.png,26.50576769808912,80.22648642102288
path3_waypoint_135.png,26.50638527114302,80.22643259521361
path0_waypoint_91.png,26.50808359704125,80.22627384233657
path0_waypoint_166.png,26.50518872335109,80.22632497957282
path2_waypoint_141.png,26.50615368124781,80.22639376856446
path3_waypoint_28.png,26.510515290940976,80.22635964405197
path2_waypoint_38.png,26.51012930778229,80.22632354306371
path0_waypoint_32.png,26.5103608976775,80.22623361437716
path1_waypoint_61.png,26.509241546517305,80.2262963059641
path0_waypoint_45.png,26.509859119571207,80.22624247816485
path3_waypoint_152.png,26.50572909977325,80.22644418558511
path2_waypoint_63.png,26.50916434988557,80.22634058808816
path4_waypoint_73.png,26.508778366726883,80.22643324279606
path4_waypoint_191.png,26.50422376545437,80.22651369190856
path0_waypoint_35.png,26.510245102729893,80.22623565986663
path0_waypoint_111.png,26.50731163072387,80.22628747893293
path2_waypoint_90.png,26.508122195357117,80.22635899671458
path2_waypoint_14.png,26.511055667363134,80.22630717984025
path1_waypoint_135.png,26.50638527114302,80.22634676030357
path2_waypoint_49.png,26.50970472630773,80.22633104287448
path2_waypoint_75.png,26.508701170095144,80.22634876969991
path3_waypoint_41.png,26.51001351283468,80.22636850727719
path3_waypoint_131.png,26.506539664406496,80.22642986806738
path0_waypoint_66.png,26.50904855493796,80.22625679659109
path4_waypoint_122.png,26.506887049249315,80.22646664963082
path1_waypoint_163.png,26.505304518298693,80.22636585113467
path1_waypoint_43.png,26.509936316202943,80.2262840332869
path4_waypoint_87.png,26.50823799030472,80.22644278760599
path4_waypoint_166.png,26.50518872335109,80.226496647605
path4_waypoint_21.png,26.51078547915205,80.22639779064505
path2_waypoint_111.png,26.50731163072387,80.22637331453511
path2_waypoint_34.png,26.51028370104576,80.22632081585981
path0_waypoint_41.png,26.51001351283468,80.22623975084556
path3_waypoint_66.png,26.50904855493796,80.2263855519411
path1_waypoint_85.png,26.508315186936457,80.22631266953368
path4_waypoint_34.png,26.51028370104576,80.2264066536828
path0_waypoint_82.png,26.508430981884064,80.22626770586821
path2_waypoint_184.png,26.50449395366545,80.22642308600652
path4_waypoint_149.png,26.505844894720852,80.22648505747858
path3_waypoint_68.png,26.508971358306223,80.22638691551421
path1_waypoint_120.png,26.50696424588105,80.22633653307261
path0_waypoint_178.png,26.504725543560664,80.22633316153059
path3_waypoint_159.png,26.50545891156217,80.22644895809104
path4_waypoint_39.png,26.510090709466414,80.22641006254347
path4_waypoint_157.png,26.50553610819391,80.22649051165573
path3_waypoint_11.png,26.511171462310745,80.22634805368052
path0_waypoint_61.png,26.509241546517305,80.22625338744199
path3_waypoint_189.png,26.504300962086106,80.22646941168784
path0_waypoint_83.png,26.508392383568196,80.22626838769801
path3_waypoint_118.png,26.507041442512783,80.22642100484212
path1_waypoint_92.png,26.50804499872537,80.22631744224147
path2_waypoint_16.png,26.5109784707314,80.2263085434422
path4_waypoint_5.png,26.51140305220596,80.22638688229092
path0_waypoint_155.png,26.505613304825644,80.22631747944486
path2_waypoint_94.png,26.50796780209364,80.22636172391849
path3_waypoint_107.png,26.507466023987345,80.22641350518997
path3_waypoint_77.png,26.508623973463408,80.22639305159323
path0_waypoint_22.png,26.510746880836187,80.22622679607893
path2_waypoint_190.png,26.50426236377024,80.22642717681238
path3_waypoint_142.png,26.506115082931935,80.22643736771953
path2_waypoint_96.png,26.5078906054619,80.22636308752044
path0_waypoint_185.png,26.50445535534958,80.22633793433928
path1_waypoint_50.png,26.509666127991864,80.2262888059947
path4_waypoint_84.png,26.508353785252325,80.22644074228957
path2_waypoint_152.png,26.50572909977325,80.22640126837521
path0_waypoint_46.png,26.50982052125534,80.22624315999467
path2_waypoint_26.png,26.510592487572712,80.22631536145198
path1_waypoint_21.png,26.51078547915205,80.2262690333481
path2_waypoint_119.png,26.50700284419692,80.22637876894294
path4_waypoint_29.png,26.510476692625105,80.22640324482212
path0_waypoint_153.png,26.505690501457384,80.22631611578524
path2_waypoint_48.png,26.5097433246236,80.2263303610735
path2_waypoint_115.png,26.507157237460397,80.22637604173903
path2_waypoint_174.png,26.50487993682414,80.22641626799674
path3_waypoint_110.png,26.507350229039737,80.22641555054965
path0_waypoint_18.png,26.510901274099663,80.22622406875965
path3_waypoint_22.png,26.510746880836187,80.22635555333262
path0_waypoint_1.png,26.511557445469432,80.22621247765265
path4_waypoint_98.png,26.507813408830163,80.2264502870995
path2_waypoint_134.png,26.50642386945889,80.2263889959576
path1_waypoint_94.png,26.50796780209364,80.22631880587225
path0_waypoint_184.png,26.50449395366545,80.22633725250948
path3_waypoint_171.png,26.504995731771743,80.22645713952976
path1_waypoint_47.png,26.509781922939467,80.22628676054852
path3_waypoint_99.png,26.50777481051429,80.2264080508975
path4_waypoint_169.png,26.50507292840348,80.22649869292142
path1_waypoint_14.png,26.511055667363134,80.2262642606403
path0_waypoint_19.png,26.510862675783795,80.22622475058948
path2_waypoint_130.png,26.506578262722364,80.2263862687537
path2_waypoint_104.png,26.507581818934952,80.22636854192827
path4_waypoint_114.png,26.507195835776265,80.22646119545371
path2_waypoint_43.png,26.509936316202943,80.2263269520686
path1_waypoint_108.png,26.50742742567148,80.22632835128785
path4_waypoint_57.png,26.50939593978078,80.22642233444189
path4_waypoint_16.png,26.5109784707314,80.22639438178439
path0_waypoint_124.png,26.50680985261757,80.22629634272056
path1_waypoint_111.png,26.50731163072387,80.22633039673403
path0_waypoint_98.png,26.507813408830163,80.22627861514532
path0_waypoint_58.png,26.509357341464916,80.22625134195252
path0_waypoint_152.png,26.50572909977325,80.2263154339554
path0_waypoint_33.png,26.510322299361636,80.22623429620698
path2_waypoint_121.png,26.506925647565183,80.22638013254489
path3_waypoint_64.png,26.5091257515697,80.226384188368
path2_waypoint_57.png,26.50939593978078,80.2263364972823
path1_waypoint_126.png,26.50673265598584,80.226340623965
path4_waypoint_44.png,26.509897717887075,80.22641347140414
path0_waypoint_31.png,26.51039949599337,80.22623293254735
path0_waypoint_101.png,26.50769761388256,80.22628066063476
path1_waypoint_56.png,26.50943453809665,80.2262928968871
path3_waypoint_172.png,26.504957133455875,80.2264578213163
path2_waypoint_93.png,26.508006400409503,80.2263610421175
path2_waypoint_45.png,26.509859119571207,80.22632831567056
path0_waypoint_116.png,26.50711863914453,80.22629088808202
path1_waypoint_139.png,26.506230877879545,80.22634948756514
path4_waypoint_53.png,26.509550333044256,80.22641960735335
path1_waypoint_168.png,26.50511152671935,80.22636926021165
path3_waypoint_130.png,26.506578262722364,80.22642918628081
path2_waypoint_126.png,26.50673265598584,80.2263835415498
path1_waypoint_98.png,26.507813408830163,80.22632153313386
path3_waypoint_173.png,26.504918535140007,80.22645850310288
path4_waypoint_32.png,26.5103608976775,80.22640529013852
path4_waypoint_62.png,26.50920294820144,80.22642574330257
path2_waypoint_29.png,26.510476692625105,80.22631740685492
path3_waypoint_79.png,26.50854677683167,80.22639441516635
path3_waypoint_88.png,26.50819939198885,80.22640055124536
path4_waypoint_170.png,26.50503433008761,80.22649937469356
path0_waypoint_128.png,26.5066554593541,80.22629907003984
path1_waypoint_100.png,26.507736212198424,80.22632289676466
path1_waypoint_36.png,26.510206504414025,80.2262792605791
path0_waypoint_125.png,26.506771254301707,80.22629702455038
path4_waypoint_115.png,26.507157237460397,80.22646187722584
path4_waypoint_94.png,26.50796780209364,80.22644756001094
path4_waypoint_132.png,26.506501066090625,80.2264734673522
path3_waypoint_144.png,26.5060378863002,80.22643873129263
path3_waypoint_62.png,26.50920294820144,80.22638282479488
path1_waypoint_93.png,26.508006400409503,80.22631812405686
path2_waypoint_112.png,26.507273032408,80.2263739963361
path4_waypoint_8.png,26.51128725725835,80.22638892760733
path0_waypoint_134.png,26.50642386945889,80.22630316101872
path4_waypoint_25.png,26.51063108588858,80.22640051773358
path0_waypoint_139.png,26.506230877879545,80.22630657016781
path4_waypoint_96.png,26.5078906054619,80.22644892355521
path2_waypoint_25.png,26.51063108588858,80.226314679651
path1_waypoint_68.png,26.508971358306223,80.2263010786719
path1_waypoint_82.png,26.508430981884064,80.22631062408747
path0_waypoint_12.png,26.511132863994877,80.2262199777807
path1_waypoint_127.png,26.506694057669968,80.2263413057804
path1_waypoint_28.png,26.510515290940976,80.2262738060559
path1_waypoint_16.png,26.5109784707314,80.22626562427111
path1_waypoint_71.png,26.50885556335862,80.22630312411809
path3_waypoint_12.png,26.511132863994877,80.22634873546707
path1_waypoint_29.png,26.510476692625105,80.22627448787131
path2_waypoint_81.png,26.50846958019993,80.22635286050577
path2_waypoint_23.png,26.51070828252032,80.22631331604904
path2_waypoint_140.png,26.506192279563678,80.22639308676348
path4_waypoint_101.png,26.50769761388256,80.2264523324159
path0_waypoint_175.png,26.50484133850827,80.22633111604115
path3_waypoint_169.png,26.50507292840348,80.22645577595664
path0_waypoint_106.png,26.50750462230321,80.22628406978384
path0_waypoint_177.png,26.50476414187653,80.22633247970077
path4_waypoint_69.png,26.508932759990355,80.22643051570752
path3_waypoint_52.png,26.509588931360124,80.22637600692931
path0_waypoint_110.png,26.507350229039737,80.22628679710313
path3_waypoint_75.png,26.508701170095144,80.22639168802013
path4_waypoint_124.png,26.50680985261757,80.2264680131751
path1_waypoint_70.png,26.508894161674487,80.2263024423027
path1_waypoint_146.png,26.505960689668463,80.22635426027294
path0_waypoint_117.png,26.507080040828654,80.22629156991185
path4_waypoint_12.png,26.511132863994877,80.22639165469586
path3_waypoint_10.png,26.511210060626613,80.22634737189397
path2_waypoint_44.png,26.509897717887075,80.22632763386959
path1_waypoint_184.png,26.50449395366545,80.226380169258
path1_waypoint_15.png,26.51101706904727,80.2262649424557
path1_waypoint_157.png,26.50553610819391,80.2263617602423
path4_waypoint_46.png,26.50982052125534,80.22641483494841
path1_waypoint_106.png,26.50750462230321,80.22632698765703
path1_waypoint_11.png,26.511171462310745,80.2262622151941
path4_waypoint_43.png,26.509936316202943,80.22641278963201
path1_waypoint_107.png,26.507466023987345,80.22632766947244
path4_waypoint_80.png,26.5085081785158,80.22643801520103
path2_waypoint_40.png,26.51005211115055,80.22632490666567
path3_waypoint_164.png,26.505265919982826,80.22645236702384
path1_waypoint_48.png,26.5097433246236,80.2262874423639
path0_waypoint_79.png,26.50854677683167,80.22626566037874
path4_waypoint_164.png,26.505265919982826,80.22649528406072
path4_waypoint_68.png,26.508971358306223,80.22642983393538
path0_waypoint_51.png,26.509627529676,80.22624656914378
path3_waypoint_103.png,26.50762041725082,80.22641077804374
path2_waypoint_162.png,26.505343116614565,80.22640808638499
path0_waypoint_146.png,26.505960689668463,80.22631134297653
path4_waypoint_24.png,26.51066968420445,80.22639983596146
path4_waypoint_117.png,26.507080040828654,80.22646324077012
path0_waypoint_156.png,26.505574706509776,80.22631816127468
path4_waypoint_167.png,26.505150125035215,80.22649732937714
path0_waypoint_107.png,26.507466023987345,80.22628475161368
path0_waypoint_191.png,26.50422376545437,80.22634202531816
path3_waypoint_190.png,26.50426236377024,80.22647009347439
path3_waypoint_161.png,26.505381714930436,80.22645032166416
path4_waypoint_38.png,26.51012930778229,80.22640938077133
path4_waypoint_153.png,26.505690501457384,80.22648778456715
path4_waypoint_181.png,26.504609748613056,80.22650687418714
path0_waypoint_132.png,26.506501066090625,80.2263017973591
path2_waypoint_114.png,26.507195835776265,80.22637535993805
path1_waypoint_99.png,26.50777481051429,80.22632221494925
path3_waypoint_72.png,26.50881696504275,80.22638964266045
path3_waypoint_57.png,26.50939593978078,80.2263794158621
path2_waypoint_83.png,26.508392383568196,80.22635422410772
path1_waypoint_176.png,26.5048027401924,80.22637471473483
path4_waypoint_99.png,26.50777481051429,80.22645096887163
path3_waypoint_76.png,26.50866257177928,80.22639236980667
path1_waypoint_87.png,26.50823799030472,80.22631403316447
path0_waypoint_112.png,26.507273032408,80.22628816076276
path0_waypoint_23.png,26.51070828252032,80.22622747790876
path4_waypoint_184.png,26.50449395366545,80.22650891950356
path1_waypoint_90.png,26.508122195357117,80.22631607861067
path2_waypoint_153.png,26.505690501457384,80.2264019501762
path1_waypoint_152.png,26.50572909977325,80.22635835116532
path3_waypoint_178.png,26.504725543560664,80.22646191203567
path3_waypoint_53.png,26.509550333044256,80.22637668871586
path4_waypoint_121.png,26.506925647565183,80.22646596785867
path1_waypoint_69.png,26.508932759990355,80.22630176048729
path1_waypoint_119.png,26.50700284419692,80.2263358512572
path3_waypoint_65.png,26.50908715325383,80.22638487015455
path0_waypoint_176.png,26.5048027401924,80.22633179787097
path2_waypoint_3.png,26.51148024883769,80.22629968002948
path4_waypoint_190.png,26.50426236377024,80.22651301013642
path2_waypoint_88.png,26.50819939198885,80.22635763311261
path1_waypoint_63.png,26.50916434988557,80.2262976695949
path1_waypoint_20.png,26.510824077467923,80.2262683515327
path1_waypoint_162.png,26.505343116614565,80.22636516931928
path4_waypoint_97.png,26.50785200714603,80.22644960532736
path1_waypoint_67.png,26.50900995662209,80.2263003968565
path1_waypoint_156.png,26.505574706509776,80.2263610784269
path0_waypoint_80.png,26.5085081785158,80.22626634220858
path2_waypoint_101.png,26.50769761388256,80.22636649652533
path1_waypoint_79.png,26.50854677683167,80.22630857864128
path4_waypoint_146.png,26.505960689668463,80.22648301216218
path2_waypoint_59.png,26.509318743149045,80.22633786088426
path3_waypoint_25.png,26.51063108588858,80.22635759869229
path3_waypoint_128.png,26.5066554593541,80.2264278227077
path2_waypoint_120.png,26.50696424588105,80.22637945074392
path2_waypoint_146.png,26.505960689668463,80.22639717756935
path0_waypoint_158.png,26.50549750987804,80.22631952493431
path3_waypoint_163.png,26.505304518298693,80.22645168523728
path3_waypoint_109.png,26.507388827355605,80.22641486876309
path4_waypoint_136.png,26.50634667282715,80.22647619444078
path2_waypoint_55.png,26.50947313641252,80.22633513368034
path1_waypoint_88.png,26.50819939198885,80.22631471497986
path2_waypoint_183.png,26.50453255198132,80.22642240420554
path0_waypoint_71.png,26.50885556335862,80.22626020574019
path0_waypoint_97.png,26.50785200714603,80.22627793331549
path1_waypoint_145.png,26.50599928798433,80.22635357845753
path3_waypoint_102.png,26.507659015566688,80.22641009625718
path3_waypoint_133.png,26.50646246777476,80.22643123164049
path0_waypoint_37.png,26.51016790609816,80.22623702352627
path4_waypoint_67.png,26.50900995662209,80.22642915216325
path3_waypoint_123.png,26.506848450933443,80.22642441377491
path4_waypoint_126.png,26.50673265598584,80.22646937671938
path3_waypoint_20.png,26.510824077467923,80.22635418975952
path1_waypoint_117.png,26.507080040828654,80.22633448762642
path3_waypoint_63.png,26.50916434988557,80.22638350658143
path2_waypoint_39.png,26.510090709466414,80.2263242248647
path0_waypoint_24.png,26.51066968420445,80.2262281597386
path0_waypoint_133.png,26.50646246777476,80.22630247918892
path4_waypoint_130.png,26.506578262722364,80.22647210380794
path3_waypoint_56.png,26.50943453809665,80.22637873407554
path3_waypoint_59.png,26.509318743149045,80.22638077943522
path2_waypoint_27.png,26.510553889256844,80.22631604325295
path2_waypoint_175.png,26.50484133850827,80.22641694979771
path3_waypoint_114.png,26.507195835776265,80.22641827769587
path2_waypoint_181.png,26.504609748613056,80.22642104060358
path4_waypoint_52.png,26.509588931360124,80.22641892558123
path3_waypoint_155.png,26.505613304825644,80.2264462309448
path2_waypoint_110.png,26.507350229039737,80.22637263273414
path3_waypoint_92.png,26.50804499872537,80.2264032783916
path1_waypoint_144.png,26.5060378863002,80.22635289664214
path3_waypoint_84.png,26.508353785252325,80.22639782409914
path2_waypoint_187.png,26.504378158717845,80.22642513140946
path0_waypoint_72.png,26.50881696504275,80.22626088757
path1_waypoint_8.png,26.51128725725835,80.2262601697479
path2_waypoint_143.png,26.50607648461607,80.22639513216642
path0_waypoint_174.png,26.50487993682414,80.22633043421133
path4_waypoint_110.png,26.507350229039737,80.22645846836515
path3_waypoint_42.png,26.50997491451881,80.22636918906376
path4_waypoint_171.png,26.504995731771743,80.22650005646571
path1_waypoint_76.png,26.50866257177928,80.22630653319509
path1_waypoint_40.png,26.51005211115055,80.22628198784071
path0_waypoint_70.png,26.508894161674487,80.22625952391037
path3_waypoint_139.png,26.506230877879545,80.22643532235985
path1_waypoint_24.png,26.51066968420445,80.22627107879431
path1_waypoint_38.png,26.51012930778229,80.2262806242099
path4_waypoint_85.png,26.508315186936457,80.22644142406172
path2_waypoint_178.png,26.504725543560664,80.22641899520065
path3_waypoint_54.png,26.509511734728388,80.22637737050243
path3_waypoint_18.png,26.510901274099663,80.2263528261864
path0_waypoint_181.png,26.504609748613056,80.22633520702003
path1_waypoint_97.png,26.50785200714603,80.22632085131846
path0_waypoint_56.png,26.50943453809665,80.22624997829288
path1_waypoint_89.png,26.50816079367298,80.22631539679527
path0_waypoint_189.png,26.504300962086106,80.22634066165854
path1_waypoint_179.png,26.5046869452448,80.22637676018103
path0_waypoint_28.png,26.510515290940976,80.22623088705788
path3_waypoint_80.png,26.5085081785158,80.22639509695291
path3_waypoint_166.png,26.50518872335109,80.22645373059696
path1_waypoint_147.png,26.505922091352595,80.22635494208834
path4_waypoint_7.png,26.511325855574217,80.2263882458352
path3_waypoint_134.png,26.50642386945889,80.22643191342705
path2_waypoint_46.png,26.50982052125534,80.22632899747154
path1_waypoint_124.png,26.50680985261757,80.2263392603342
path0_waypoint_0.png,26.5115960437853,80.22621179582282
path1_waypoint_31.png,26.51039949599337,80.22627585150211
path1_waypoint_37.png,26.51016790609816,80.2262799423945
path2_waypoint_71.png,26.50885556335862,80.22634604249599
path1_waypoint_91.png,26.50808359704125,80.22631676042606
path0_waypoint_39.png,26.510090709466414,80.22623838718593
path1_waypoint_121.png,26.506925647565183,80.226337214888
path2_waypoint_10.png,26.511210060626613,80.22630445263633
path1_waypoint_161.png,26.505381714930436,80.22636448750389
path2_waypoint_125.png,26.506771254301707,80.22638285974881
path2_waypoint_176.png,26.5048027401924,80.2264176315987
path2_waypoint_15.png,26.51101706904727,80.22630786164122
path4_waypoint_119.png,26.50700284419692,80.2264646043144
path4_waypoint_137.png,26.50630807451128,80.22647687621291
path3_waypoint_85.png,26.508315186936457,80.2263985058857
path0_waypoint_149.png,26.505844894720852,80.22631338846597
path1_waypoint_55.png,26.50947313641252,80.2262922150717
path0_waypoint_113.png,26.507234434092133,80.22628884259258
path1_waypoint_160.png,26.5054203132463,80.2263638056885
path1_waypoint_191.png,26.50422376545437,80.22638494196576
path0_waypoint_69.png,26.508932759990355,80.22625884208055
path2_waypoint_68.png,26.508971358306223,80.22634399709305
path0_waypoint_115.png,26.507157237460397,80.22629020625222
path3_waypoint_187.png,26.504378158717845,80.22646804811473
path3_waypoint_16.png,26.5109784707314,80.2263514626133
path3_waypoint_129.png,26.506616861038232,80.22642850449425
path3_waypoint_168.png,26.50511152671935,80.22645509417008
path2_waypoint_177.png,26.50476414187653,80.22641831339966
path3_waypoint_9.png,26.51124865894248,80.2263466901074
path0_waypoint_29.png,26.510476692625105,80.22623156888771
path3_waypoint_1.png,26.511557445469432,80.22634123581497
path4_waypoint_142.png,26.506115082931935,80.2264802850736
path3_waypoint_143.png,26.50607648461607,80.22643804950609
path3_waypoint_181.png,26.504609748613056,80.22646395739535
path2_waypoint_28.png,26.510515290940976,80.22631672505393
path4_waypoint_95.png,26.50792920377777,80.22644824178309
path0_waypoint_131.png,26.506539664406496,80.22630111552928
path2_waypoint_168.png,26.50511152671935,80.22641217719087
path1_waypoint_170.png,26.50503433008761,80.22637062384244
path1_waypoint_86.png,26.50827658862059,80.22631335134906
path1_waypoint_137.png,26.50630807451128,80.22634812393436
path1_waypoint_101.png,26.50769761388256,80.22632357858005
path4_waypoint_92.png,26.50804499872537,80.22644619646667
path3_waypoint_158.png,26.50549750987804,80.22644827630448
path4_waypoint_125.png,26.506771254301707,80.22646869494724
path2_waypoint_137.png,26.50630807451128,80.22639104136054
path0_waypoint_68.png,26.508971358306223,80.22625816025072
path3_waypoint_138.png,26.506269476195413,80.22643464057329
path0_waypoint_75.png,26.508701170095144,80.22626293305947
path1_waypoint_80.png,26.5085081785158,80.22630926045669
path4_waypoint_88.png,26.50819939198885,80.22644346937811
path1_waypoint_153.png,26.505690501457384,80.22635903298071
path4_waypoint_93.png,26.508006400409503,80.2264468782388
path0_waypoint_44.png,26.509897717887075,80.22624179633503
path4_waypoint_40.png,26.51005211115055,80.2264107443156
path2_waypoint_154.png,26.505651903141512,80.22640263197718
path0_waypoint_89.png,26.50816079367298,80.22627247867693
path2_waypoint_159.png,26.50545891156217,80.22640604098207
path3_waypoint_35.png,26.510245102729893,80.22636441655786
path4_waypoint_33.png,26.510322299361636,80.22640597191067
path4_waypoint_50.png,26.509666127991864,80.22641756203694
path3_waypoint_177.png,26.50476414187653,80.22646123024911
path4_waypoint_2.png,26.511518847153564,80.22638483697453
path4_waypoint_91.png,26.50808359704125,80.22644551469453
path4_waypoint_172.png,26.504957133455875,80.22650073823785
path3_waypoint_60.png,26.509280144833173,80.22638146122176
path3_waypoint_67.png,26.50900995662209,80.22638623372767
path3_waypoint_71.png,26.50885556335862,80.22638896087389
path1_waypoint_174.png,26.50487993682414,80.22637335110404
path3_waypoint_24.png,26.51066968420445,80.22635691690574
path1_waypoint_44.png,26.509897717887075,80.22628471510231
path1_waypoint_165.png,26.50522732166696,80.22636721476546
path2_waypoint_109.png,26.507388827355605,80.22637195093316
path2_waypoint_85.png,26.508315186936457,80.22635558770969
path0_waypoint_114.png,26.507195835776265,80.22628952442238
path1_waypoint_30.png,26.51043809430924,80.2262751696867
path1_waypoint_141.png,26.50615368124781,80.22635085119596
path3_waypoint_49.png,26.50970472630773,80.22637396156965
path0_waypoint_173.png,26.504918535140007,80.22632975238152
path4_waypoint_134.png,26.50642386945889,80.22647483089649
path4_waypoint_129.png,26.506616861038232,80.22647142203579
path2_waypoint_106.png,26.50750462230321,80.22636990553022
path1_waypoint_25.png,26.51063108588858,80.2262717606097
path3_waypoint_55.png,26.50947313641252,80.22637805228898
path3_waypoint_7.png,26.511325855574217,80.22634532653429
path4_waypoint_19.png,26.510862675783795,80.2263964271008
path1_waypoint_182.png,26.50457115029719,80.2263788056272
path4_waypoint_159.png,26.50545891156217,80.22649187520001
path4_waypoint_71.png,26.50885556335862,80.22643187925179
path1_waypoint_133.png,26.50646246777476,80.22634539667278
path4_waypoint_79.png,26.50854677683167,80.22643733342889
path3_waypoint_40.png,26.51005211115055,80.22636782549063
path0_waypoint_2.png,26.511518847153564,80.22621315948247
path2_waypoint_138.png,26.506269476195413,80.22639172316153
path2_waypoint_128.png,26.5066554593541,80.22638490515175
path1_waypoint_6.png,26.51136445389009,80.2262588061171
path0_waypoint_162.png,26.505343116614565,80.22632225225355
path2_waypoint_132.png,26.506501066090625,80.22638763235565
path4_waypoint_58.png,26.509357341464916,80.22642301621403
path0_waypoint_94.png,26.50796780209364,80.22627588782603
path3_waypoint_17.png,26.51093987241553,80.22635214439984
path2_waypoint_77.png,26.508623973463408,80.22635013330186
path2_waypoint_164.png,26.505265919982826,80.22640944998696
path1_waypoint_73.png,26.508778366726883,80.22630448774889
path1_waypoint_34.png,26.51028370104576,80.22627789694832
path4_waypoint_174.png,26.50487993682414,80.22650210178215
path3_waypoint_117.png,26.507080040828654,80.22642032305555
path4_waypoint_35.png,26.510245102729893,80.22640733545492
path0_waypoint_180.png,26.504648346928924,80.22633452519021
path0_waypoint_188.png,26.504339560401977,80.22633997982872
path1_waypoint_23.png,26.51070828252032,80.2262703969789
path1_waypoint_35.png,26.510245102729893,80.2262785787637
path0_waypoint_159.png,26.50545891156217,80.22632020676413
path4_waypoint_23.png,26.51070828252032,80.22639915418932
path2_waypoint_30.png,26.51043809430924,80.22631808865589
path0_waypoint_145.png,26.50599928798433,80.22631066114671
path1_waypoint_151.png,26.50576769808912,80.22635766934992
path3_waypoint_2.png,26.511518847153564,80.22634191760152
path2_waypoint_42.png,26.50997491451881,80.22632627026763
path2_waypoint_148.png,26.505883493036727,80.2263985411713
path1_waypoint_2.png,26.511518847153564,80.22625607885549
path0_waypoint_130.png,26.506578262722364,80.22630043369946
path4_waypoint_139.png,26.506230877879545,80.22647823975718
path0_waypoint_108.png,26.50742742567148,80.2262854334435
path2_waypoint_12.png,26.511132863994877,80.22630581623828
path0_waypoint_96.png,26.5078906054619,80.22627725148567
path1_waypoint_148.png,26.505883493036727,80.22635562390373
path2_waypoint_22.png,26.510746880836187,80.22631263424806
path0_waypoint_140.png,26.506192279563678,80.22630725199762
path0_waypoint_25.png,26.51063108588858,80.22622884156841
path4_waypoint_36.png,26.510206504414025,80.22640801722706
path4_waypoint_59.png,26.509318743149045,80.22642369798616
path3_waypoint_21.png,26.51078547915205,80.22635487154608
path3_waypoint_186.png,26.504416757033717,80.22646736632817
path0_waypoint_38.png,26.51012930778229,80.2262377053561
path4_waypoint_30.png,26.51043809430924,80.22640392659426
path4_waypoint_83.png,26.508392383568196,80.22644006051743
path4_waypoint_141.png,26.50615368124781,80.22647960330148
path4_waypoint_74.png,26.50873976841101,80.2264339245682
path4_waypoint_123.png,26.506848450933443,80.22646733140296
path2_waypoint_108.png,26.50742742567148,80.22637126913219
path4_waypoint_140.png,26.506192279563678,80.22647892152933
path3_waypoint_137.png,26.50630807451128,80.22643395878673
path2_waypoint_100.png,26.507736212198424,80.22636581472436
path3_waypoint_154.png,26.505651903141512,80.22644554915824
path0_waypoint_95.png,26.50792920377777,80.22627656965585
path4_waypoint_103.png,26.50762041725082,80.22645369596019
path4_waypoint_6.png,26.51136445389009,80.22638756406307
path0_waypoint_8.png,26.51128725725835,80.22621725046142
path0_waypoint_183.png,26.50453255198132,80.22633657067966
path3_waypoint_13.png,26.51109426567901,80.22634941725363
path2_waypoint_158.png,26.50549750987804,80.22640535918109
path4_waypoint_158.png,26.50549750987804,80.22649119342786
path1_waypoint_149.png,26.505844894720852,80.22635630571912
path4_waypoint_26.png,26.510592487572712,80.22640119950573
path1_waypoint_4.png,26.511441650521824,80.22625744248629
path3_waypoint_86.png,26.50827658862059,80.22639918767226
path0_waypoint_143.png,26.50607648461607,80.22630929748708
path0_waypoint_170.png,26.50503433008761,80.22632770689208
path0_waypoint_11.png,26.511171462310745,80.2262192959509
path4_waypoint_37.png,26.51016790609816,80.2264086989992
path0_waypoint_5.png,26.51140305220596,80.22621520497195
path2_waypoint_7.png,26.511325855574217,80.22630240723339
path4_waypoint_147.png,26.505922091352595,80.22648369393431
path0_waypoint_137.png,26.50630807451128,80.22630520650817
path2_waypoint_20.png,26.510824077467923,80.22631127064611
path3_waypoint_119.png,26.50700284419692,80.22642168662867
path4_waypoint_162.png,26.505343116614565,80.22649392051643
path4_waypoint_178.png,26.504725543560664,80.2265048288707
path1_waypoint_81.png,26.50846958019993,80.22630994227208
path4_waypoint_60.png,26.509280144833173,80.2264243797583
path2_waypoint_167.png,26.505150125035215,80.22641149538988
path3_waypoint_151.png,26.50576769808912,80.22644350379856
path1_waypoint_1.png,26.511557445469432,80.22625539704009
path2_waypoint_53.png,26.509550333044256,80.22633377007838
path1_waypoint_155.png,26.505613304825644,80.2263603966115
path4_waypoint_70.png,26.508894161674487,80.22643119747967
path4_waypoint_28.png,26.510515290940976,80.22640256304999
path2_waypoint_65.png,26.50908715325383,80.22634195169012
path2_waypoint_131.png,26.506539664406496,80.22638695055468
path3_waypoint_111.png,26.50731163072387,80.22641623233619
path0_waypoint_78.png,26.508585375147536,80.22626497854893
path1_waypoint_60.png,26.509280144833173,80.22629562414869
path0_waypoint_100.png,26.507736212198424,80.22627997880495
path0_waypoint_136.png,26.50634667282715,80.22630452467837
path3_waypoint_153.png,26.505690501457384,80.22644486737168
path4_waypoint_120.png,26.50696424588105,80.22646528608654
path1_waypoint_74.png,26.50873976841101,80.22630516956428
path4_waypoint_75.png,26.508701170095144,80.22643460634035
path2_waypoint_82.png,26.508430981884064,80.22635354230675
path2_waypoint_113.png,26.507234434092133,80.22637467813708
path0_waypoint_142.png,26.506115082931935,80.22630861565726
path2_waypoint_139.png,26.506230877879545,80.2263924049625
path4_waypoint_187.png,26.504378158717845,80.22651096482
path2_waypoint_69.png,26.508932759990355,80.22634467889404
path2_waypoint_73.png,26.508778366726883,80.22634740609794
path1_waypoint_167.png,26.505150125035215,80.22636857839626
path0_waypoint_84.png,26.508353785252325,80.22626906952785
path2_waypoint_92.png,26.50804499872537,80.22636036031653
path1_waypoint_110.png,26.507350229039737,80.22632971491863
path2_waypoint_99.png,26.50777481051429,80.22636513292338
path0_waypoint_138.png,26.506269476195413,80.226305888338
path0_waypoint_62.png,26.50920294820144,80.22625406927182
path2_waypoint_76.png,26.50866257177928,80.22634945150088
path2_waypoint_133.png,26.50646246777476,80.22638831415664
path0_waypoint_123.png,26.506848450933443,80.22629566089076
path1_waypoint_104.png,26.507581818934952,80.22632562402625
path1_waypoint_128.png,26.5066554593541,80.22634198759579
path2_waypoint_5.png,26.51140305220596,80.22630104363144
path3_waypoint_5.png,26.51140305220596,80.22634396296118
path3_waypoint_125.png,26.506771254301707,80.22642577734803
path2_waypoint_84.png,26.508353785252325,80.2263549059087
path4_waypoint_42.png,26.50997491451881,80.22641210785987
path0_waypoint_64.png,26.5091257515697,80.22625543293145
path0_waypoint_190.png,26.50426236377024,80.22634134348834
path4_waypoint_51.png,26.509627529676,80.22641824380908
path1_waypoint_83.png,26.508392383568196,80.22631130590287
path1_waypoint_46.png,26.50982052125534,80.22628607873311
path3_waypoint_82.png,26.508430981884064,80.22639646052603
path1_waypoint_188.png,26.504339560401977,80.22638289651958
path1_waypoint_136.png,26.50634667282715,80.22634744211898
path3_waypoint_150.png,26.505806296404987,80.226442822012
path4_waypoint_143.png,26.50607648461607,80.22648096684576
path1_waypoint_10.png,26.511210060626613,80.22626153337869
path4_waypoint_112.png,26.507273032408,80.22645983190942
path2_waypoint_11.png,26.511171462310745,80.22630513443731
path0_waypoint_118.png,26.507041442512783,80.22629225174167
path1_waypoint_13.png,26.51109426567901,80.2262635788249
path4_waypoint_64.png,26.5091257515697,80.22642710684684
path0_waypoint_150.png,26.505806296404987,80.22631407029579
path1_waypoint_26.png,26.510592487572712,80.22627244242511
path0_waypoint_9.png,26.51124865894248,80.22621793229123
path0_waypoint_60.png,26.509280144833173,80.22625270561215
path1_waypoint_72.png,26.50881696504275,80.2263038059335
path4_waypoint_11.png,26.511171462310745,80.22639097292372
path1_waypoint_185.png,26.50445535534958,80.22638085107339
path1_waypoint_114.png,26.507195835776265,80.22633244218022
path0_waypoint_122.png,26.506887049249315,80.22629497906092
path2_waypoint_51.png,26.509627529676,80.22633240647643
path0_waypoint_129.png,26.506616861038232,80.22629975186965
path2_waypoint_179.png,26.5046869452448,80.22641967700163
path4_waypoint_41.png,26.51001351283468,80.22641142608774
path2_waypoint_156.png,26.505574706509776,80.22640399557913
path3_waypoint_183.png,26.50453255198132,80.22646532096847
path1_waypoint_19.png,26.510862675783795,80.2262676697173
path2_waypoint_56.png,26.50943453809665,80.22633581548132
path1_waypoint_32.png,26.5103608976775,80.2262765333175
path2_waypoint_97.png,26.50785200714603,80.22636376932142
path3_waypoint_69.png,26.508932759990355,80.22638759730079
path1_waypoint_116.png,26.50711863914453,80.22633380581101
path3_waypoint_61.png,26.509241546517305,80.22638214300832
path4_waypoint_108.png,26.50742742567148,80.22645710482088
path0_waypoint_74.png,26.50873976841101,80.22626225122966
path4_waypoint_180.png,26.504648346928924,80.22650619241499
path4_waypoint_107.png,26.507466023987345,80.22645642304873
path4_waypoint_113.png,26.507234434092133,80.22646051368157
path1_waypoint_186.png,26.504416757033717,80.22638153288878
path4_waypoint_54.png,26.509511734728388,80.22642028912549
path4_waypoint_109.png,26.507388827355605,80.22645778659302
path0_waypoint_34.png,26.51028370104576,80.22623497803681
path0_waypoint_52.png,26.509588931360124,80.2262472509736
path0_waypoint_160.png,26.5054203132463,80.22632088859393
path0_waypoint_182.png,26.50457115029719,80.22633588884985
path1_waypoint_39.png,26.510090709466414,80.22628130602531
path3_waypoint_162.png,26.505343116614565,80.2264510034507
path1_waypoint_65.png,26.50908715325383,80.22629903322569
path4_waypoint_148.png,26.505883493036727,80.22648437570646
path0_waypoint_126.png,26.50673265598584,80.22629770638021
path1_waypoint_143.png,26.50607648461607,80.22635221482675
path4_waypoint_45.png,26.509859119571207,80.22641415317626
path0_waypoint_109.png,26.507388827355605,80.2262861152733
path2_waypoint_160.png,26.5054203132463,80.22640672278304
path1_waypoint_125.png,26.506771254301707,80.2263399421496
path0_waypoint_10.png,26.511210060626613,80.22621861412107
path2_waypoint_33.png,26.510322299361636,80.22632013405882
path2_waypoint_171.png,26.504995731771743,80.2264142225938
path1_waypoint_122.png,26.506887049249315,80.2263378967034
path1_waypoint_41.png,26.51001351283468,80.22628266965611
path4_waypoint_48.png,26.5097433246236,80.22641619849267
path2_waypoint_150.png,26.505806296404987,80.22639990477326
path1_waypoint_183.png,26.50453255198132,80.2263794874426
path0_waypoint_103.png,26.50762041725082,80.2262820242944
path3_waypoint_97.png,26.50785200714603,80.22640668732438
path0_waypoint_179.png,26.5046869452448,80.22633384336041
path4_waypoint_176.png,26.5048027401924,80.22650346532642
path3_waypoint_184.png,26.50449395366545,80.22646600275505
path3_waypoint_47.png,26.509781922939467,80.22637259799653
path4_waypoint_72.png,26.50881696504275,80.22643256102394
path4_waypoint_138.png,26.506269476195413,80.22647755798505
path2_waypoint_52.png,26.509588931360124,80.22633308827741
path2_waypoint_17.png,26.51093987241553,80.22630922524317
path0_waypoint_147.png,26.505922091352595,80.22631202480633
path3_waypoint_191.png,26.50422376545437,80.22647077526096
path4_waypoint_163.png,26.505304518298693,80.22649460228857
path2_waypoint_173.png,26.504918535140007,80.22641558619576
path3_waypoint_136.png,26.50634667282715,80.22643327700017
path2_waypoint_147.png,26.505922091352595,80.22639785937032
path4_waypoint_13.png,26.51109426567901,80.226392336468
path3_waypoint_104.png,26.507581818934952,80.22641145983029
path0_waypoint_93.png,26.508006400409503,80.2262752059962
path3_waypoint_36.png,26.510206504414025,80.22636509834442
path2_waypoint_86.png,26.50827658862059,80.22635626951066
path4_waypoint_0.png,26.5115960437853,80.22638347343027
path3_waypoint_176.png,26.5048027401924,80.22646054846255
path3_waypoint_8.png,26.51128725725835,80.22634600832085
path0_waypoint_53.png,26.509550333044256,80.22624793280342
path0_waypoint_154.png,26.505651903141512,80.22631679761506
path1_waypoint_105.png,26.50754322061908,80.22632630584164
path2_waypoint_4.png,26.511441650521824,80.22630036183045
path3_waypoint_44.png,26.509897717887075,80.22637055263687
path2_waypoint_64.png,26.5091257515697,80.22634126988915
path4_waypoint_185.png,26.50445535534958,80.2265096012757
path3_waypoint_96.png,26.5078906054619,80.22640600553783
path0_waypoint_67.png,26.50900995662209,80.22625747842092
path3_waypoint_182.png,26.50457115029719,80.22646463918193
path4_waypoint_135.png,26.50638527114302,80.22647551266863
path0_waypoint_88.png,26.50819939198885,80.22627179684712
path1_waypoint_181.png,26.504609748613056,80.22637812381181
path2_waypoint_102.png,26.507659015566688,80.22636717832631
path0_waypoint_14.png,26.511055667363134,80.22622134144036
path0_waypoint_30.png,26.51043809430924,80.22623225071752
path0_waypoint_54.png,26.509511734728388,80.22624861463325
path4_waypoint_82.png,26.508430981884064,80.2264393787453
path1_waypoint_177.png,26.50476414187653,80.22637539655021
path3_waypoint_180.png,26.504648346928924,80.2264632756088
